{
    "0": {
        "optimizer_llm_configs": {
            "model_type": "llama3.1",
            "max_decode_steps": 1024,
            "temperature": 1.0,
            "batch_size": 1
        },
        "data": {
            "num_points": 50,
            "w_true": 15,
            "b_true": 14,
            "loss_at_true_values": 47.037719254806696,
            "X": [
                1.0,
                2.0,
                3.0,
                4.0,
                5.0,
                6.0,
                7.0,
                8.0,
                9.0,
                10.0,
                11.0,
                12.0,
                13.0,
                14.0,
                15.0,
                16.0,
                17.0,
                18.0,
                19.0,
                20.0,
                21.0,
                22.0,
                23.0,
                24.0,
                25.0,
                26.0,
                27.0,
                28.0,
                29.0,
                30.0,
                31.0,
                32.0,
                33.0,
                34.0,
                35.0,
                36.0,
                37.0,
                38.0,
                39.0,
                40.0,
                41.0,
                42.0,
                43.0,
                44.0,
                45.0,
                46.0,
                47.0,
                48.0,
                49.0,
                50.0
            ],
            "y": [
                30.62434536366324,
                43.38824358634992,
                58.471828247736546,
                72.92703137784383,
                89.86540762932468,
                101.69846130311971,
                120.74481176421648,
                133.2387930991049,
                149.3190390960571,
                163.7506296245226,
                180.46210793704498,
                191.93985929050234,
                208.6775827959865,
                223.61594564533158,
                240.13376944233545,
                252.90010873268596,
                268.8275717924496,
                283.12214158207865,
                299.0422137467156,
                314.58281521371583,
                327.89938082278707,
                345.14472370983964,
                359.9015907205928,
                374.50249433890184,
                389.90085594926444,
                403.3162721408257,
                418.87710977448137,
                433.06423056574096,
                448.732111920374,
                464.5303554667382,
                478.3083392482747,
                493.603246473144,
                508.3128272998804,
                523.1547943585012,
                538.3287538691632,
                553.987335401081,
                567.8826896513647,
                584.2344156978171,
                600.6598021771099,
                614.7420441605773,
                628.8081644476384,
                643.1123710359152,
                658.2528417062491,
                675.6924546010277,
                689.050807754776,
                703.3630043534306,
                719.1909154846675,
                736.1002551364788,
                749.1201589524816,
                764.6172031097075
            ]
        },
        "init_w": [
            17.71320643266746,
            10.207519493594015,
            16.336482349262752,
            17.48803882538612,
            14.985070123025904
        ],
        "init_b": [
            15.434049417909655,
            12.783693850937961,
            14.24517590749133,
            18.44776132319904,
            10.047188561909726
        ],
        "max_num_steps": 5,
        "max_num_pairs": 20,
        "num_input_decimals": 0,
        "num_output_decimals": 0,
        "num_generated_points_in_each_step": 8
    }
}