{
    "0": {
        "optimizer_llm_configs": {
            "model_type": "llama3.1",
            "max_decode_steps": 1024,
            "temperature": 1.0,
            "batch_size": 1
        },
        "data": {
            "num_points": 50,
            "w_true": 15,
            "b_true": 14,
            "loss_at_true_values": 47.037719254806696,
            "X": [
                1.0,
                2.0,
                3.0,
                4.0,
                5.0,
                6.0,
                7.0,
                8.0,
                9.0,
                10.0,
                11.0,
                12.0,
                13.0,
                14.0,
                15.0,
                16.0,
                17.0,
                18.0,
                19.0,
                20.0,
                21.0,
                22.0,
                23.0,
                24.0,
                25.0,
                26.0,
                27.0,
                28.0,
                29.0,
                30.0,
                31.0,
                32.0,
                33.0,
                34.0,
                35.0,
                36.0,
                37.0,
                38.0,
                39.0,
                40.0,
                41.0,
                42.0,
                43.0,
                44.0,
                45.0,
                46.0,
                47.0,
                48.0,
                49.0,
                50.0
            ],
            "y": [
                30.62434536366324,
                43.38824358634992,
                58.471828247736546,
                72.92703137784383,
                89.86540762932468,
                101.69846130311971,
                120.74481176421648,
                133.2387930991049,
                149.3190390960571,
                163.7506296245226,
                180.46210793704498,
                191.93985929050234,
                208.6775827959865,
                223.61594564533158,
                240.13376944233545,
                252.90010873268596,
                268.8275717924496,
                283.12214158207865,
                299.0422137467156,
                314.58281521371583,
                327.89938082278707,
                345.14472370983964,
                359.9015907205928,
                374.50249433890184,
                389.90085594926444,
                403.3162721408257,
                418.87710977448137,
                433.06423056574096,
                448.732111920374,
                464.5303554667382,
                478.3083392482747,
                493.603246473144,
                508.3128272998804,
                523.1547943585012,
                538.3287538691632,
                553.987335401081,
                567.8826896513647,
                584.2344156978171,
                600.6598021771099,
                614.7420441605773,
                628.8081644476384,
                643.1123710359152,
                658.2528417062491,
                675.6924546010277,
                689.050807754776,
                703.3630043534306,
                719.1909154846675,
                736.1002551364788,
                749.1201589524816,
                764.6172031097075
            ]
        },
        "init_w": [
            17.71320643266746,
            10.207519493594015,
            16.336482349262752,
            17.48803882538612,
            14.985070123025904
        ],
        "init_b": [
            15.434049417909655,
            12.783693850937961,
            14.24517590749133,
            18.44776132319904,
            10.047188561909726
        ],
        "max_num_steps": 5,
        "max_num_pairs": 20,
        "num_input_decimals": 0,
        "num_output_decimals": 0,
        "num_generated_points_in_each_step": 8
    },
    "1": {
        "optimizer_llm_configs": {
            "model_type": "llama3.1",
            "max_decode_steps": 1024,
            "temperature": 1.0,
            "batch_size": 1
        },
        "data": {
            "num_points": 50,
            "w_true": 15,
            "b_true": 14,
            "loss_at_true_values": 55.125271747983554,
            "X": [
                1.0,
                2.0,
                3.0,
                4.0,
                5.0,
                6.0,
                7.0,
                8.0,
                9.0,
                10.0,
                11.0,
                12.0,
                13.0,
                14.0,
                15.0,
                16.0,
                17.0,
                18.0,
                19.0,
                20.0,
                21.0,
                22.0,
                23.0,
                24.0,
                25.0,
                26.0,
                27.0,
                28.0,
                29.0,
                30.0,
                31.0,
                32.0,
                33.0,
                34.0,
                35.0,
                36.0,
                37.0,
                38.0,
                39.0,
                40.0,
                41.0,
                42.0,
                43.0,
                44.0,
                45.0,
                46.0,
                47.0,
                48.0,
                49.0,
                50.0
            ],
            "y": [
                28.58324215259453,
                43.94373317277367,
                56.86380390433155,
                75.64027080840499,
                87.20656441480514,
                103.1582526343438,
                119.50288141715804,
                132.75471191339278,
                147.94204778113766,
                163.09099238507315,
                179.55145404454643,
                196.29220801281497,
                209.0415393929984,
                222.8820745548865,
                239.53905832058078,
                253.40384030019354,
                268.98086950347886,
                285.1750012195003,
                298.2521290507061,
                314.0090252509733,
                328.1218921067597,
                343.8435658296154,
                359.2565704520013,
                373.01122095123037,
                388.6611780339708,
                403.7638159691474,
                418.3623449875157,
                432.8123877136147,
                447.5787827726959,
                463.84650480432305,
                478.730943039784,
                496.2313667888866,
                506.56523242347896,
                524.1127265048167,
                539.3704445366633,
                555.3596338626726,
                569.5018572067813,
                583.1557862961702,
                599.0000097614716,
                614.5423525721491,
                628.6864918030066,
                644.7710117380694,
                657.1319093454363,
                675.7311846659804,
                690.4676780105734,
                703.6643226614761,
                719.6113407795738,
                734.0479705918682,
                748.1708647109853,
                764.0877102184083
            ]
        },
        "init_w": [
            15.881308010772742,
            18.97713727909418,
            18.91530729474708,
            18.15837477307684,
            10.358895856168534
        ],
        "init_b": [
            19.476322568516704,
            12.26547421131723,
            15.944201443911325,
            14.283086849296946,
            17.6414068655387
        ],
        "max_num_steps": 5,
        "max_num_pairs": 20,
        "num_input_decimals": 0,
        "num_output_decimals": 0,
        "num_generated_points_in_each_step": 8
    },
    "2": {
        "optimizer_llm_configs": {
            "model_type": "llama3.1",
            "max_decode_steps": 1024,
            "temperature": 1.0,
            "batch_size": 1
        },
        "data": {
            "num_points": 50,
            "w_true": 15,
            "b_true": 14,